pair_name,priority,category,example_id,audio_filename,question,options_text,answer_label,audio_prediction,noaudio_prediction,audio_parse_status,noaudio_parse_status,audio_raw_prediction,noaudio_raw_prediction,n_options,audio_is_correct,noaudio_is_correct
audio-flamingo-3__vs__audio-flamingo-3-no-audio,3,audio_only_correct,128064.mp3__3,128064.mp3,"What happens immediately after this event first appears: ""A short, fast, high-pitched pig grunt.""?","A. A pig grunts gutturally and raspily in bursts while people talk in the background. | B. A raspy, guttural, high-pitched pig grunt. | C. A pig is grunting continuously. | D. A pig grunts quietly twice. | E. A pig grunts gutturally and raspily, with the pitch increasing. | F. A pig grunts shortly and quickly. | G. Several birds chirping softly and continuously outdoors. | H. A pig grunts continuously in a quiet, monotone manner. | I. A pig grunts twice with a fast, raspy sound separated by a quiet pause. | J. A bird chirps once with a high-pitched tone. | K. High-pitched, continuous raspy pig grunt. | L. Muffled, indistinct overlapping voices with occasional pig grunts. | M. This is the last event, no immediate event after. | N. A bird chirps softly and continuously. | O. Birds chirping continuously with faint background chatter. | P. A bird emits an abrupt high-pitched call, possibly while flying away. | Q. A bird chirping quietly outdoors.",A,A,F,exact-label,exact-label,A,F,17,True,False
audio-flamingo-3__vs__audio-flamingo-3-no-audio,3,audio_only_correct,117612.mp3__2,117612.mp3,"What happens immediately after this event first appears: ""A cat meows close up.""?","A. An intermittent cat meowing. | B. A cat meows softly. | C. A cat purrs softly and briefly. | D. A cat purring softly. | E. A cat is purring softly. | F. A short cat meows. | G. This is the last event, no immediate event after. | H. A cat purrs intermittently, varying between loud and low.",C,C,G,exact-label,exact-label,C,G,8,True,False
audio-flamingo-3__vs__audio-flamingo-3-no-audio,3,audio_only_correct,116483.mp3__2,116483.mp3,"What happens immediately after this event first appears: ""Short, sharp, high-pitched barks.""?","A. A series of short, sharp, high-pitched barks. | B. A short, sharp, high-pitched bark. | C. This is the last event, no immediate event after. | D. Series of short, sharp, high-pitched barks. | E. A muffled, short, high-pitched bark. | F. Short, high-pitched, muffled barks.",A,A,B,exact-label,exact-label,A,B,6,True,False
audio-flamingo-3__vs__audio-flamingo-3-no-audio,3,audio_only_correct,118429.mp3__4,118429.mp3,"What happens immediately after this event first appears: ""The engine of a motorcycle revs up.""?","A. A motorcycle approaches. | B. An engine is revving. | C. A motorcycle drives away. | D. The engine of a motorcycle running in the background. | E. The engine of a motorcycle buzzes in a low-pitched tone. | F. This is the last event, no immediate event after.",A,A,B,exact-label,exact-label,A,B,6,True,False
audio-flamingo-3__vs__audio-flamingo-3-no-audio,3,audio_only_correct,121299.mp3__3,121299.mp3,"What happens immediately after this event first appears: ""Wheels spinning.""?","A. Spinning wheels make a loud noise. | B. A horn honks from far away. | C. Traffic noise. | D. This is the last event, no immediate event after. | E. A car passes by.",A,A,D,exact-label,exact-label,A,D,5,True,False
audio-flamingo-3__vs__audio-flamingo-3-no-audio,3,audio_only_correct,130127.mp3__1,130127.mp3,"What happens immediately after this event first appears: ""A car is driving in the background.""?","A. A car is approaching. | B. A car is braking with squeaky tires. | C. This is the last event, no immediate event after. | D. People are yelling and singing. | E. People singing and yelling in the distance.",A,A,C,exact-label,exact-label,A,C,5,True,False
audio-flamingo-3__vs__audio-flamingo-3-no-audio,3,audio_only_correct,140602.mp3__1,140602.mp3,"What happens immediately after this event first appears: ""A person is speaking indistinctly.""?","A. A clicking noise. | B. Ambient humming noise inside a plane. | C. A plane pilot is speaking through a loudspeaker. | D. Someone is speaking indistinctly in the distance. | E. This is the last event, no immediate event after.",A,A,C,exact-label,exact-label,A,C,5,True,False
audio-flamingo-3__vs__audio-flamingo-3-no-audio,3,audio_only_correct,146406.mp3__1,146406.mp3,"What happens immediately after this event first appears: ""A man repeatedly shushes.""?","A. This is the last event, no immediate event after. | B. A bus stops on the street. | C. Ambient public transport sounds are loud throughout. | D. The engine of a public transport vehicle is getting louder. | E. A man is making an announcement at a bus station.",D,D,A,exact-label,exact-label,D,A,5,True,False
audio-flamingo-3__vs__audio-flamingo-3-no-audio,3,audio_only_correct,153630.mp3__3,153630.mp3,"What happens immediately after this event first appears: ""Two men are speaking quietly to each other.""?","A. The violin is played twice with the pitch rising each time, reaching an especially high note on the second play. | B. This is the last event, no immediate event after. | C. A violin is played once with the tone deepening. | D. A violin is played once with a high tone that gradually deepens. | E. A violin is played once with a tone that deepens.",A,A,B,exact-label,exact-label,A,B,5,True,False
audio-flamingo-3__vs__audio-flamingo-3-no-audio,3,audio_only_correct,164620.mp3__2,164620.mp3,"What happens immediately after this event first appears: ""Someone is speaking inside a car.""?","A. Two people are talking inside a car. | B. The monotonous sound of a car engine. | C. Whistling sound of a vehicle passing by quickly. | D. This is the last event, no immediate event after. | E. A person laughs inside a car.",A,A,D,exact-label,exact-label,A,D,5,True,False
audio-flamingo-3__vs__audio-flamingo-3-no-audio,3,audio_only_correct,165602.mp3__3,165602.mp3,"What happens immediately after this event first appears: ""A woman is speaking calmly.""?","A. A bus engine hums quietly in the background. | B. People are clapping halfheartedly. | C. This is the last event, no immediate event after. | D. A man is speaking calmly on the radio. | E. A man speaks in a muffled voice through a radio.",D,D,C,exact-label,exact-label,D,C,5,True,False
audio-flamingo-3__vs__audio-flamingo-3-no-audio,3,audio_only_correct,167166.mp3__1,167166.mp3,"What happens immediately after this event first appears: ""A bidet emits multiple tones.""?","A. This is the last event, no immediate event after. | B. A bidet emits a high-pitched tone. | C. A bidet’s washing mechanism moves, producing a soft motor noise. | D. A bidet flushes with a steady stream of water. | E. A bidet’s water hits the surface below, creating a soft splashing sound.",C,C,B,exact-label,exact-label,C,B,5,True,False
audio-flamingo-3__vs__audio-flamingo-3-no-audio,3,audio_only_correct,167578.mp3__2,167578.mp3,"What happens immediately after this event first appears: ""A man laughs repeatedly, growing louder.""?","A. This is the last event, no immediate event after. | B. A man laughs loudly and repeatedly. | C. A man laughs repeatedly and continuously indoors. | D. A man laughs increasingly loudly indoors. | E. A man laughs repeatedly.",D,D,B,exact-label,exact-label,D,B,5,True,False
audio-flamingo-3__vs__audio-flamingo-3-no-audio,3,audio_only_correct,103538.mp3__1,103538.mp3,"What happens immediately after this event first appears: ""Birds chirp briefly.""?","A. Insects are sounding continually. | B. Birds chirp simultaneously in public. | C. This is the last event, no immediate event after. | D. An airplane is descending.",D,D,C,exact-label,exact-label,D,C,4,True,False
audio-flamingo-3__vs__audio-flamingo-3-no-audio,3,audio_only_correct,122065.mp3__2,122065.mp3,"What happens immediately after this event first appears: ""A loud, high-pitched noise of a very fast passenger train passing by.""?","A. Gentle noise of a distant train with loud cricket sounds. | B. Clear and loud cricket sounds in the background. | C. A train horn sounds in the distance. | D. This is the last event, no immediate event after.",A,A,B,exact-label,exact-label,A,B,4,True,False
audio-flamingo-3__vs__audio-flamingo-3-no-audio,3,audio_only_correct,124557.mp3__2,124557.mp3,"What happens immediately after this event first appears: ""A hollow metallic object is struck, producing a low thumping sound.""?","A. A hollow metallic object is struck, producing a high-pitched thumping sound. | B. A machine whirrs and clacks consistently with a soft chopping sound in the background. | C. Water splashing loudly and continuously indoors. | D. This is the last event, no immediate event after.",A,A,B,exact-label,exact-label,A,B,4,True,False
audio-flamingo-3__vs__audio-flamingo-3-no-audio,3,audio_only_correct,127621.mp3__0,127621.mp3,"What happens immediately after this event first appears: ""A stream of water pouring.""?","A. Water flowing down a stream. | B. Water flowing. | C. Water flowing downstream. | D. This is the last event, no immediate event after.",B,B,D,exact-label,exact-label,B,D,4,True,False
audio-flamingo-3__vs__audio-flamingo-3-no-audio,3,audio_only_correct,137010.mp3__2,137010.mp3,"What happens immediately after this event first appears: ""A woman is making an announcement.""?","A. A person is dialing a phone. | B. A train is passing by. | C. This is the last event, no immediate event after. | D. A train squeaks.",A,A,C,exact-label,exact-label,A,C,4,True,False
audio-flamingo-3__vs__audio-flamingo-3-no-audio,3,audio_only_correct,146166.mp3__2,146166.mp3,"What happens immediately after this event first appears: ""A metallic bell rings twice.""?","A. A cowbell rings three times clearly and sharply in a quiet setting. | B. A cowbell rings once clearly and sharply. | C. This is the last event, no immediate event after. | D. A metallic bell is ringing.",B,B,D,exact-label,exact-label,B,D,4,True,False
audio-flamingo-3__vs__audio-flamingo-3-no-audio,3,audio_only_correct,151005.mp3__2,151005.mp3,"What happens immediately after this event first appears: ""Footsteps on a wooden floor.""?","A. A wooden floor creaks quietly. | B. A power tool is making a loud noise. | C. A drill is operating loudly. | D. This is the last event, no immediate event after.",A,A,D,exact-label,exact-label,A,D,4,True,False
audio-flamingo-3__vs__audio-flamingo-3-no-audio,3,audio_only_correct,157594.mp3__1,157594.mp3,"What happens immediately after this event first appears: ""A house sparrow is singing.""?","A. This is the last event, no immediate event after. | B. A dove coos. | C. Various birds singing. | D. A buchfink or chaffinch bird singing.",B,B,C,exact-label,exact-label,B,C,4,True,False
audio-flamingo-3__vs__audio-flamingo-3-no-audio,3,audio_only_correct,157594.mp3__2,157594.mp3,"What happens immediately after this event first appears: ""A dove coos.""?","A. Various birds singing. | B. A buchfink or chaffinch bird singing. | C. This is the last event, no immediate event after. | D. A house sparrow is singing.",B,B,C,exact-label,exact-label,B,C,4,True,False
audio-flamingo-3__vs__audio-flamingo-3-no-audio,3,audio_only_correct,164789.mp3__1,164789.mp3,"What happens immediately after this event first appears: ""A squeaking noise is heard in the background.""?","A. A goat bleats in the distance. | B. This is the last event, no immediate event after. | C. A goat bleats loudly. | D. Footsteps on dry straw.",D,D,B,exact-label,exact-label,D,B,4,True,False
audio-flamingo-3__vs__audio-flamingo-3-no-audio,3,audio_only_correct,165829.mp3__2,165829.mp3,"What happens immediately after this event first appears: ""A sheep bleats loudly outdoors.""?","A. A sheep bails loudly and repeatedly outdoors. | B. Geese honk and flutter loudly and repeatedly outdoors. | C. This is the last event, no immediate event after. | D. Geese honk loudly and repeatedly outdoors.",B,B,C,exact-label,exact-label,B,C,4,True,False
audio-flamingo-3__vs__audio-flamingo-3-no-audio,3,audio_only_correct,17111.mp3__1,17111.mp3,"What happens immediately after this event first appears: ""A door closes unclearly.""?","A. A baby screams loudly. | B. This is the last event, no immediate event after. | C. A door is opening. | D. Outdoor ambient sounds.",A,A,B,exact-label,exact-label,A,B,4,True,False
audio-flamingo-3__vs__audio-flamingo-3-no-audio,3,audio_only_correct,17613.mp3__2,17613.mp3,"What happens immediately after this event first appears: ""A faint whistle in the distance.""?","A. Thunder roars. | B. Consecutive thumping sounds. | C. Nails hitting metal irregularly nearby. | D. This is the last event, no immediate event after.",C,C,D,exact-label,exact-label,C,D,4,True,False
audio-flamingo-3__vs__audio-flamingo-3-no-audio,3,audio_only_correct,118341.mp3__1,118341.mp3,"What happens immediately after this event first appears: ""A hammer hitting a nail repeatedly with varying intensities.""?","A. This is the last event, no immediate event after. | B. A hammer strikes a nail three times with varying pauses in between. | C. Repeated hammering as a nail is being driven.",B,B,C,exact-label,exact-label,B,C,3,True,False
audio-flamingo-3__vs__audio-flamingo-3-no-audio,3,audio_only_correct,122761.mp3__0,122761.mp3,"What happens immediately after this event first appears: ""A vacuum cleaner powers on with a continuous hum of consistent intensity and gradually fades away when turned off.""?","A. A vacuum cleaner is quickly powered on and off. | B. This is the last event, no immediate event after. | C. A vacuum cleaner powers on, producing a continuous hum of consistent intensity.",A,A,C,exact-label,exact-label,A,C,3,True,False
audio-flamingo-3__vs__audio-flamingo-3-no-audio,3,audio_only_correct,127704.mp3__1,127704.mp3,"What happens immediately after this event first appears: ""Horn-like sound blaring.""?","A. High-pitched lasers shooting. | B. Heavy background noise. | C. This is the last event, no immediate event after.",A,A,C,exact-label,exact-label,A,C,3,True,False
audio-flamingo-3__vs__audio-flamingo-3-no-audio,3,audio_only_correct,128130.mp3__1,128130.mp3,"What happens immediately after this event first appears: ""A dog or wolf moans eerily.""?","A. A dog or wolf moans. | B. This is the last event, no immediate event after. | C. A dog or wolf moans loudly in a creepy manner.",C,C,A,exact-label,exact-label,C,A,3,True,False
audio-flamingo-3__vs__audio-flamingo-3-no-audio,3,audio_only_correct,141512.mp3__1,141512.mp3,"What happens immediately after this event first appears: ""A drill is shutting down.""?","A. This is the last event, no immediate event after. | B. A drill is running. | C. A drill is rotating.",C,C,A,exact-label,exact-label,C,A,3,True,False
audio-flamingo-3__vs__audio-flamingo-3-no-audio,3,audio_only_correct,143225.mp3__0,143225.mp3,"What happens immediately after this event first appears: ""A baby is trying to talk.""?","A. A person coughing indoors. | B. Someone clearing their throat indoors. | C. This is the last event, no immediate event after.",A,A,C,exact-label,exact-label,A,C,3,True,False
audio-flamingo-3__vs__audio-flamingo-3-no-audio,3,audio_only_correct,143930.mp3__0,143930.mp3,"What happens immediately after this event first appears: ""A loud rustling sound of someone moving indoors.""?","A. Rhythmic pedaling sounds from an indoor bike. | B. This is the last event, no immediate event after. | C. A sharp, high-pitched beep sounds after a button is pressed.",C,C,A,exact-label,exact-label,C,A,3,True,False
audio-flamingo-3__vs__audio-flamingo-3-no-audio,3,audio_only_correct,155126.mp3__1,155126.mp3,"What happens immediately after this event first appears: ""People talking quietly in the background.""?","A. This is the last event, no immediate event after. | B. Truck engine running. | C. A truck reversing beeps.",C,C,A,exact-label,exact-label,C,A,3,True,False
audio-flamingo-3__vs__audio-flamingo-3-no-audio,3,audio_only_correct,160157.mp3__0,160157.mp3,"What happens immediately after this event first appears: ""Crickets chirping quietly in a periodic pattern outside.""?","A. Thunder rumbles loudly in a muffled manner. | B. A car passes loudly, then fades away. | C. This is the last event, no immediate event after.",A,A,C,exact-label,exact-label,A,C,3,True,False
audio-flamingo-3__vs__audio-flamingo-3-no-audio,3,audio_only_correct,164439.mp3__0,164439.mp3,"What happens immediately after this event first appears: ""Two men are talking clearly.""?","A. Hands clapping unrhythmically in a studio. | B. Two men are talking with overlapping noises. | C. This is the last event, no immediate event after.",A,A,B,exact-label,exact-label,A,B,3,True,False
audio-flamingo-3__vs__audio-flamingo-3-no-audio,3,audio_only_correct,165039.mp3__1,165039.mp3,"What happens immediately after this event first appears: ""Thumping sounds in the background.""?","A. Clanging sounds at a construction site. | B. A jackhammer is drilling. | C. This is the last event, no immediate event after.",A,A,C,exact-label,exact-label,A,C,3,True,False
audio-flamingo-3__vs__audio-flamingo-3-no-audio,3,audio_only_correct,168306.mp3__0,168306.mp3,"What happens immediately after this event first appears: ""A wooden door is closing.""?","A. Non-rhythmic footsteps on wood. | B. This is the last event, no immediate event after. | C. Rhythmic footsteps on wood.",A,A,B,exact-label,exact-label,A,B,3,True,False
audio-flamingo-3__vs__audio-flamingo-3-no-audio,3,audio_only_correct,170871.mp3__1,170871.mp3,"What happens immediately after this event first appears: ""A young person laughs in the distance with decreasing volume and pitch.""?","A. A group of people singing loudly in a choir with light echo. | B. A person is speaking quietly and muffled in the distance. | C. This is the last event, no immediate event after.",B,B,C,exact-label,exact-label,B,C,3,True,False
audio-flamingo-3__vs__audio-flamingo-3-no-audio,3,audio_only_correct,171220.mp3__1,171220.mp3,"What happens immediately after this event first appears: ""A microphone is being adjusted.""?","A. A cat makes sounds. | B. This is the last event, no immediate event after. | C. A cat meows.",A,A,B,exact-label,exact-label,A,B,3,True,False
audio-flamingo-3__vs__audio-flamingo-3-no-audio,3,audio_only_correct,17208.mp3__0,17208.mp3,"What happens immediately after this event first appears: ""A train is approaching a station.""?","A. A train passes by a station without stopping. | B. This is the last event, no immediate event after. | C. Train moving away from a station.",A,A,B,exact-label,exact-label,A,B,3,True,False
audio-flamingo-3__vs__audio-flamingo-3-no-audio,3,audio_only_correct,172734.mp3__1,172734.mp3,"What happens immediately after this event first appears: ""The vacuum cleaner slows down and turns off with a fading suction sound.""?","A. A vacuum cleaner is running with a steady suction sound. | B. This is the last event, no immediate event after. | C. Objects clatter and are moved.",C,C,B,exact-label,exact-label,C,B,3,True,False
audio-flamingo-3__vs__audio-flamingo-3-no-audio,3,audio_only_correct,173978.mp3__1,173978.mp3,"What happens immediately after this event first appears: ""A ship honks its foghorn loudly with a deep tone from far away.""?","A. A muffled human voice is heard briefly nearby. | B. This is the last event, no immediate event after. | C. Background noise playing monotonously.",A,A,B,exact-label,exact-label,A,B,3,True,False
audio-flamingo-3__vs__audio-flamingo-3-no-audio,3,audio_only_correct,105236.mp3__0,105236.mp3,"What happens immediately after this event first appears: ""A bee buzzes rapidly with a high-pitched hum in a natural outdoor setting.""?","A. Birds chirp while bees buzz in the background. | B. This is the last event, no immediate event after.",A,A,B,exact-label,exact-label,A,B,2,True,False
audio-flamingo-3__vs__audio-flamingo-3-no-audio,3,audio_only_correct,127802.mp3__1,127802.mp3,"What happens immediately after this event first appears: ""Waves crash rhythmically against the shoreline, varying in intensity, accompanied by muffled voices of people talking nearby.""?","A. This is the last event, no immediate event after. | B. Unceasing crashing waves echo continuously in the background.",A,A,B,exact-label,exact-label,A,B,2,True,False
audio-flamingo-3__vs__audio-flamingo-3-no-audio,3,audio_only_correct,129294.mp3__1,129294.mp3,"What happens immediately after this event first appears: ""Two quiet, dull knocks on wood.""?","A. This is the last event, no immediate event after. | B. A single metallic clank sounds.",A,A,B,exact-label,exact-label,A,B,2,True,False
audio-flamingo-3__vs__audio-flamingo-3-no-audio,3,audio_only_correct,137698.mp3__1,137698.mp3,"What happens immediately after this event first appears: ""Someone is speaking.""?","A. This is the last event, no immediate event after. | B. Noise.",A,A,B,exact-label,exact-label,A,B,2,True,False
audio-flamingo-3__vs__audio-flamingo-3-no-audio,3,audio_only_correct,147883.mp3__1,147883.mp3,"What happens immediately after this event first appears: ""A fast, loud saxophone tone with sharp, fluctuating pitches.""?","A. A fast, loud saxophone tone with sharp, fluctuating pitches that slow down at the end. | B. This is the last event, no immediate event after.",B,B,A,exact-label,exact-label,B,A,2,True,False
audio-flamingo-3__vs__audio-flamingo-3-no-audio,3,audio_only_correct,155780.mp3__0,155780.mp3,"What happens immediately after this event first appears: ""A dampened drop sound.""?","A. A car engine hesitantly starts. | B. This is the last event, no immediate event after.",A,A,B,exact-label,exact-label,A,B,2,True,False
audio-flamingo-3__vs__audio-flamingo-3-no-audio,3,audio_only_correct,164315.mp3__0,164315.mp3,"What happens immediately after this event first appears: ""Calm footsteps on a wooden floor.""?","A. Fast, loud footsteps on a wooden floor. | B. This is the last event, no immediate event after.",A,A,B,exact-label,exact-label,A,B,2,True,False
audio-flamingo-3__vs__audio-flamingo-3-no-audio,3,audio_only_correct,172735.mp3__0,172735.mp3,"What happens immediately after this event first appears: ""A machine hums and whirrs electrically.""?","A. An engine halts followed by a metallic clicking sound. | B. This is the last event, no immediate event after.",A,A,B,exact-label,exact-label,A,B,2,True,False
audio-flamingo-3__vs__audio-flamingo-3-no-audio,3,audio_only_correct,173923.mp3__0,173923.mp3,"What happens immediately after this event first appears: ""A person is playing a didgeridoo rhythmically in a steady pattern.""?","A. A person plays the didgeridoo rhythmically, gradually increasing in intensity. | B. This is the last event, no immediate event after.",A,A,B,exact-label,exact-label,A,B,2,True,False
audio-flamingo-3__vs__audio-flamingo-3-no-audio,3,audio_only_correct,175130.mp3__0,175130.mp3,"What happens immediately after this event first appears: ""A child is speaking in Spanish.""?","A. Alarm beeps. | B. This is the last event, no immediate event after.",A,A,B,exact-label,exact-label,A,B,2,True,False
audio-flamingo-3__vs__audio-flamingo-3-no-audio,3,noaudio_only_correct,128064.mp3__2,128064.mp3,"What happens immediately after this event first appears: ""A pig grunts twice with a fast, raspy sound separated by a quiet pause.""?","A. Several birds chirping softly and continuously outdoors. | B. A short, fast, high-pitched pig grunt. | C. A pig grunts gutturally and raspily in bursts while people talk in the background. | D. A bird chirps softly and continuously. | E. A bird chirps once with a high-pitched tone. | F. A bird chirping quietly outdoors. | G. A pig grunts quietly twice. | H. Birds chirping continuously with faint background chatter. | I. High-pitched, continuous raspy pig grunt. | J. This is the last event, no immediate event after. | K. A bird emits an abrupt high-pitched call, possibly while flying away. | L. Muffled, indistinct overlapping voices with occasional pig grunts. | M. A pig grunts shortly and quickly. | N. A pig grunts continuously in a quiet, monotone manner. | O. A raspy, guttural, high-pitched pig grunt. | P. A pig grunts gutturally and raspily, with the pitch increasing. | Q. A pig is grunting continuously.",B,C,B,exact-label,exact-label,C,B,17,False,True
audio-flamingo-3__vs__audio-flamingo-3-no-audio,3,noaudio_only_correct,141704.mp3__11,141704.mp3,"What happens immediately after this event first appears: ""A woman is yelling in Spanish.""?","A. A woman celebrates with a high-pitched whoop. | B. A man is speaking in Spanish. | C. A man is speaking muffled. | D. Muffled crowd talking. | E. A crowd boos and whistles together. | F. A crowd of people cheering loudly in an arena. | G. This is the last event, no immediate event after. | H. A muffled thumping sound in the background. | I. A large crowd cheering in an arena. | J. A crowd of people making noise in an arena. | K. A person is whistling in the distance. | L. Multiple men chanting muffled words.",G,A,G,exact-label,exact-label,A,G,12,False,True
audio-flamingo-3__vs__audio-flamingo-3-no-audio,3,noaudio_only_correct,127804.mp3__9,127804.mp3,"What happens immediately after this event first appears: ""Sounds of fighting as in children's animated series or films.""?","A. Someone yells loudly. | B. Footsteps of someone walking in cowboy boots. | C. American midwestern country music playing in the background. | D. This is the last event, no immediate event after. | E. Rattling sound of a musical instrument. | F. A middle-aged man is speaking and giving instructions to a group of people. | G. A cow moos occasionally. | H. Chickens clucking and cawing. | I. Metallic sounds. | J. Metallic clamping sounds of a structure sealing shut.",D,A,D,exact-label,exact-label,A,D,10,False,True
audio-flamingo-3__vs__audio-flamingo-3-no-audio,3,noaudio_only_correct,176385.mp3__4,176385.mp3,"What happens immediately after this event first appears: ""A child screams.""?","A. A baby making sounds. | B. A child screams playfully outside. | C. People are talking outside on the street. | D. A child screams in a high-pitched voice. | E. A motorcycle passes on the street. | F. A vehicle honks in the background. | G. This is the last event, no immediate event after. | H. Traffic sounds. | I. A motorcycle passes by. | J. A car is passing on the street.",D,B,D,exact-label,exact-label,B,D,10,False,True
audio-flamingo-3__vs__audio-flamingo-3-no-audio,3,noaudio_only_correct,17056.mp3__7,17056.mp3,"What happens immediately after this event first appears: ""A crackling sound of lightning in the sky.""?","A. Quiet rain in the background. | B. Rainfall sounds. | C. Thunder rumbling in the distance. | D. A low rumble of thunder in the distance. | E. A loud thunderclap nearby. | F. Loud thunderclap nearby, fading into the distance. | G. This is the last event, no immediate event after. | H. Rainfall in the background.",G,F,G,exact-label,exact-label,F,G,8,False,True
audio-flamingo-3__vs__audio-flamingo-3-no-audio,3,noaudio_only_correct,117077.mp3__6,117077.mp3,"What happens immediately after this event first appears: ""A frog croaks with a high-pitched sound in the field.""?","A. Constant white noise of wind. | B. This is the last event, no immediate event after. | C. A sheep is baaing in the distance. | D. A sheep baas in the distance. | E. Birds making periodic squeaking sounds in the distance. | F. Crickets buzz periodically in the field. | G. A cricket buzzes briefly in the field.",B,C,B,exact-label,exact-label,C,B,7,False,True
audio-flamingo-3__vs__audio-flamingo-3-no-audio,3,noaudio_only_correct,14525.mp3__6,14525.mp3,"What happens immediately after this event first appears: ""Vehicle starting and driving away in the background.""?","A. A child is exclaiming indistinctly in the background. | B. A woman is speaking in Italian. | C. This is the last event, no immediate event after. | D. People talking faintly in the background. | E. A man shouts twice in a foreign language. | F. A child is shouting indistinctly in the background. | G. A child exclaims in the background.",C,B,C,exact-label,exact-label,B,C,7,False,True
audio-flamingo-3__vs__audio-flamingo-3-no-audio,3,noaudio_only_correct,166930.mp3__3,166930.mp3,"What happens immediately after this event first appears: ""A sharp metallic clatter.""?","A. Metal clashing. | B. Male voices chattering faintly in the distance with echoes through a hall. | C. A sharp metallic sound. | D. Metal hits the floor with a sharp clattering sound. | E. Construction noises echoing off hard surfaces. | F. A swift, raspy swish of an object being dragged or swiped across a smooth surface. | G. This is the last event, no immediate event after.",C,D,C,exact-label,exact-label,D,C,7,False,True
audio-flamingo-3__vs__audio-flamingo-3-no-audio,3,noaudio_only_correct,114629.mp3__3,114629.mp3,"What happens immediately after this event first appears: ""The sound of water waves on the beach gradually increasing.""?","A. A wave on the beach rises loudly and rapidly. | B. A large wave on the beach fades away quietly. | C. This is the last event, no immediate event after. | D. A large wave rapidly increases in volume on the beach. | E. The quiet, repetitive sound of flowing water. | F. The loud, turbulent, and calming sound of waves on the beach.",F,A,F,exact-label,exact-label,A,F,6,False,True
audio-flamingo-3__vs__audio-flamingo-3-no-audio,3,noaudio_only_correct,130864.mp3__5,130864.mp3,"What happens immediately after this event first appears: ""A train gradually moving away on the tracks.""?","A. A car rapidly accelerates and approaches. | B. A train is approaching. | C. A loud car crash is heard from a distance on the train track. | D. This is the last event, no immediate event after. | E. A car and a train gradually approach each other. | F. A car is speeding up and approaching.",D,C,D,exact-label,exact-label,C,D,6,False,True
audio-flamingo-3__vs__audio-flamingo-3-no-audio,3,noaudio_only_correct,137836.mp3__1,137836.mp3,"What happens immediately after this event first appears: ""A metallic object clinks softly.""?","A. A man is speaking in an unrecognizable language. | B. A hammer strikes a metallic object in a steady rhythm, producing a high-pitched metallic sound that echoes in a room. | C. A hammer strikes a metallic object in a steady rhythm, producing a gradually increasing metallic echo. | D. A hammer softly strikes a metallic object in a steady rhythm, producing a gradually increasing metallic echo. | E. This is the last event, no immediate event after. | F. Soft white noise plays consistently in the background.",D,B,D,exact-label,exact-label,B,D,6,False,True
audio-flamingo-3__vs__audio-flamingo-3-no-audio,3,noaudio_only_correct,170298.mp3__5,170298.mp3,"What happens immediately after this event first appears: ""A cat growls while breathing heavily.""?","A. A cat growls twice loudly. | B. This is the last event, no immediate event after. | C. A cat meows shortly. | D. A cat meows twice while growling. | E. A cat growls multiple times. | F. A cat meows.",B,C,B,exact-label,exact-label,C,B,6,False,True
audio-flamingo-3__vs__audio-flamingo-3-no-audio,3,noaudio_only_correct,100491.mp3__4,100491.mp3,"What happens immediately after this event first appears: ""The whooshing sound of displaced air as a train passes by gradually fades.""?","A. A continuous, rhythmic bell chime gradually increasing in volume. | B. A brief burst of pressurized air or steam hissing. | C. This is the last event, no immediate event after. | D. A continuous and rhythmic bell chime gradually fading and decreasing. | E. The sound of air whooshing as a train passes by gradually increases.",C,B,C,exact-label,exact-label,B,C,5,False,True
audio-flamingo-3__vs__audio-flamingo-3-no-audio,3,noaudio_only_correct,102876.mp3__1,102876.mp3,"What happens immediately after this event first appears: ""A bright, rhythmic trumpet lick with a jazzy feel.""?","A. A solo trumpet plays a clean phrase in a jazz style. | B. The trumpet lick is played louder with less echo and an added distinct extra note. | C. An upbeat, rhythmic trumpet lick played in a jazz style. | D. A rhythmic trumpet lick with added echo creating a wider and more ambient sound. | E. This is the last event, no immediate event after.",C,D,C,exact-label,exact-label,D,C,5,False,True
audio-flamingo-3__vs__audio-flamingo-3-no-audio,3,noaudio_only_correct,104760.mp3__2,104760.mp3,"What happens immediately after this event first appears: ""Heavy-duty internal combustion engine vehicle shifts into gear with a loud muffled thud.""?","A. Air pressure hisses as a mechanical part of a heavy vehicle releases. | B. Repeated heavy metallic clicking. | C. Heavy-duty internal combustion engine idling. | D. This is the last event, no immediate event after. | E. A heavy-duty internal combustion engine powers a large vehicle as it drives away, gradually increasing speed in a controlled manner.",E,A,E,exact-label,exact-label,A,E,5,False,True
audio-flamingo-3__vs__audio-flamingo-3-no-audio,3,noaudio_only_correct,108843.mp3__4,108843.mp3,"What happens immediately after this event first appears: ""A cat is playing while moving around.""?","A. A cat is meowing. | B. A cat meows. | C. Footsteps on a wood floor. | D. This is the last event, no immediate event after. | E. A cat meowing.",D,C,D,exact-label,exact-label,C,D,5,False,True
audio-flamingo-3__vs__audio-flamingo-3-no-audio,3,noaudio_only_correct,128132.mp3__0,128132.mp3,"What happens immediately after this event first appears: ""A dog makes a short, low-pitched moan inside a room.""?","A. An Alaskan Malamute moans with varying volume and sudden high-pitched tones like crying. | B. An Alaskan Malamute dog makes a long moan that starts high, dips to a lower tone, then rises again indoors. | C. This is the last event, no immediate event after. | D. An Alaskan Malamute dog moans, starting with a high pitch and then lowering to a deeper tone. | E. A dog moans in a low tone that sharply rises in the middle.",D,B,D,exact-label,exact-label,B,D,5,False,True
audio-flamingo-3__vs__audio-flamingo-3-no-audio,3,noaudio_only_correct,141529.mp3__3,141529.mp3,"What happens immediately after this event first appears: ""Someone utters a brief, disappointed sound in a quiet, shocked tone.""?","A. Someone blows softly into a microphone, creating an airy whoosh. | B. An alarm gradually increases in volume until it reaches a steady, repetitive tone. | C. A loud thunderclap strikes nearby, echoing and gradually fading out. | D. A calm rainstorm with soft, steady raindrops and gentle wind. | E. This is the last event, no immediate event after.",A,C,A,exact-label,exact-label,C,A,5,False,True
audio-flamingo-3__vs__audio-flamingo-3-no-audio,3,noaudio_only_correct,146075.mp3__1,146075.mp3,"What happens immediately after this event first appears: ""An animal snorts loudly nearby.""?","A. A lion roars loudly and repeatedly nearby. | B. This is the last event, no immediate event after. | C. An animal screams repeatedly nearby. | D. A pig grunts loudly and repeatedly outdoors. | E. A pig grunts repeatedly in the distance.",D,A,D,exact-label,exact-label,A,D,5,False,True
audio-flamingo-3__vs__audio-flamingo-3-no-audio,3,noaudio_only_correct,146406.mp3__4,146406.mp3,"What happens immediately after this event first appears: ""A bus stops on the street.""?","A. A man is making an announcement at a bus station. | B. A man repeatedly shushes. | C. Ambient public transport sounds are loud throughout. | D. The engine of a public transport vehicle is getting louder. | E. This is the last event, no immediate event after.",E,D,E,exact-label,exact-label,D,E,5,False,True
audio-flamingo-3__vs__audio-flamingo-3-no-audio,3,noaudio_only_correct,164620.mp3__4,164620.mp3,"What happens immediately after this event first appears: ""A person laughs inside a car.""?","A. Two people are talking inside a car. | B. Whistling sound of a vehicle passing by quickly. | C. The monotonous sound of a car engine. | D. Someone is speaking inside a car. | E. This is the last event, no immediate event after.",E,A,E,exact-label,exact-label,A,E,5,False,True
audio-flamingo-3__vs__audio-flamingo-3-no-audio,3,noaudio_only_correct,165067.mp3__4,165067.mp3,"What happens immediately after this event first appears: ""Two people are talking in a town square, and one of them laughs at the end.""?","A. Water splashes loudly and continuously in a town square. | B. Motors of cars and motorcycles humming in a town square. | C. This is the last event, no immediate event after. | D. Children yell and talk happily in a town square. | E. People are talking quietly in the background and are not understandable.",C,A,C,exact-label,exact-label,A,C,5,False,True
audio-flamingo-3__vs__audio-flamingo-3-no-audio,3,noaudio_only_correct,100489.mp3__2,100489.mp3,"What happens immediately after this event first appears: ""A scratching noise.""?","A. Low-pitched engine running. | B. A bell rings repeatedly in the background. | C. This is the last event, no immediate event after. | D. A whistling sound is heard in the background.",D,A,D,exact-label,exact-label,A,D,4,False,True
audio-flamingo-3__vs__audio-flamingo-3-no-audio,3,noaudio_only_correct,102409.mp3__3,102409.mp3,"What happens immediately after this event first appears: ""A ferry wobbling on water with waves hitting it.""?","A. People are speaking loudly in a crowd. | B. This is the last event, no immediate event after. | C. People boarding a boat. | D. Multiple bicycles clicking.",B,C,B,exact-label,exact-label,C,B,4,False,True
audio-flamingo-3__vs__audio-flamingo-3-no-audio,3,noaudio_only_correct,102411.mp3__3,102411.mp3,"What happens immediately after this event first appears: ""A child cries.""?","A. This is the last event, no immediate event after. | B. Background chatter from a crowd on a ferry. | C. A ferry boat motor is running. | D. Subtle waves sound overlaid by engine noise.",A,B,A,exact-label,exact-label,B,A,4,False,True
audio-flamingo-3__vs__audio-flamingo-3-no-audio,3,noaudio_only_correct,103538.mp3__3,103538.mp3,"What happens immediately after this event first appears: ""Birds chirp simultaneously in public.""?","A. Insects are sounding continually. | B. Birds chirp briefly. | C. This is the last event, no immediate event after. | D. An airplane is descending.",C,B,C,exact-label,exact-label,B,C,4,False,True
audio-flamingo-3__vs__audio-flamingo-3-no-audio,3,noaudio_only_correct,113146.mp3__3,113146.mp3,"What happens immediately after this event first appears: ""Loud splashing water echoing from a toilet.""?","A. Running water echoing in the distance. | B. 1oud metallic thumping sounds. | C. Wind blows loudly indoors. | D. This is the last event, no immediate event after.",D,B,D,exact-label,exact-label,B,D,4,False,True
audio-flamingo-3__vs__audio-flamingo-3-no-audio,3,noaudio_only_correct,113325.mp3__3,113325.mp3,"What happens immediately after this event first appears: ""A car passes by.""?","A. A man is mumbling. | B. A vehicle accelerates. | C. This is the last event, no immediate event after. | D. Strong, vibrant, low-frequency white noise.",C,A,C,exact-label,exact-label,A,C,4,False,True
audio-flamingo-3__vs__audio-flamingo-3-no-audio,3,noaudio_only_correct,113352.mp3__3,113352.mp3,"What happens immediately after this event first appears: ""A loud motorbike engine running on the street.""?","A. Cars rushing by repeatedly on a busy street. | B. This is the last event, no immediate event after. | C. Cars rapidly passing by on a busy street. | D. Continuous loud noise of a busy street.",B,A,B,exact-label,exact-label,A,B,4,False,True
audio-flamingo-3__vs__audio-flamingo-3-no-audio,3,noaudio_only_correct,116769.mp3__3,116769.mp3,"What happens immediately after this event first appears: ""Quiet and slow clapping.""?","A. Slow and irregular clapping. | B. Irregular clapping with breaks in between. | C. Only a few people are clapping quickly. | D. This is the last event, no immediate event after.",D,A,D,exact-label,exact-label,A,D,4,False,True
audio-flamingo-3__vs__audio-flamingo-3-no-audio,3,noaudio_only_correct,118636.mp3__3,118636.mp3,"What happens immediately after this event first appears: ""A person is speaking indistinctly.""?","A. This is the last event, no immediate event after. | B. A music is playing loudly in a crowded mall. | C. A concert with singing and acoustic guitar is playing in the distance. | D. A machine hums loudly.",A,C,A,exact-label,exact-label,C,A,4,False,True
audio-flamingo-3__vs__audio-flamingo-3-no-audio,3,noaudio_only_correct,124982.mp3__0,124982.mp3,"What happens immediately after this event first appears: ""Typing on plastic keyboard buttons accompanied by beeping sounds for each press.""?","A. The motor of an ATM runs while it counts money. | B. A barcode scanner or cashier machine beeps. | C. This is the last event, no immediate event after. | D. Pressing a plastic button on a cashier machine, which beeps when pressed.",D,B,D,exact-label,exact-label,B,D,4,False,True
audio-flamingo-3__vs__audio-flamingo-3-no-audio,3,noaudio_only_correct,124982.mp3__3,124982.mp3,"What happens immediately after this event first appears: ""The motor of an ATM runs while it counts money.""?","A. A barcode scanner or cashier machine beeps. | B. This is the last event, no immediate event after. | C. Pressing a plastic button on a cashier machine, which beeps when pressed. | D. Typing on plastic keyboard buttons accompanied by beeping sounds for each press.",B,A,B,exact-label,exact-label,A,B,4,False,True
audio-flamingo-3__vs__audio-flamingo-3-no-audio,3,noaudio_only_correct,132385.mp3__3,132385.mp3,"What happens immediately after this event first appears: ""A small motorized machine is turning off.""?","A. A small motorized machine is cutting something. | B. A small motorized machine is scratching or cutting something. | C. This is the last event, no immediate event after. | D. A small motor runs continuously after being turned on.",C,B,C,exact-label,exact-label,B,C,4,False,True
audio-flamingo-3__vs__audio-flamingo-3-no-audio,3,noaudio_only_correct,134070.mp3__3,134070.mp3,"What happens immediately after this event first appears: ""Wind chimes tinkle once, producing soft and light metallic sounds.""?","A. Wind chimes tinkle twice, making soft and light metallic sounds. | B. This is the last event, no immediate event after. | C. Wind chimes tinkle softly, creating light metallic sounds in a quiet environment. | D. Wind chimes start with a loud, clear tinkling sound and slowly quiet down, producing irregular and rhythmic tones in a quiet environment.",B,C,B,exact-label,exact-label,C,B,4,False,True
audio-flamingo-3__vs__audio-flamingo-3-no-audio,3,noaudio_only_correct,136424.mp3__2,136424.mp3,"What happens immediately after this event first appears: ""A woman is yelling.""?","A. A woman is speaking. | B. An alarm beeps repeatedly. | C. This is the last event, no immediate event after. | D. A woman is talking.",A,B,A,exact-label,exact-label,B,A,4,False,True
audio-flamingo-3__vs__audio-flamingo-3-no-audio,3,noaudio_only_correct,137010.mp3__3,137010.mp3,"What happens immediately after this event first appears: ""A person is dialing a phone.""?","A. This is the last event, no immediate event after. | B. A woman is making an announcement. | C. A train is passing by. | D. A train squeaks.",A,B,A,exact-label,exact-label,B,A,4,False,True
audio-flamingo-3__vs__audio-flamingo-3-no-audio,3,noaudio_only_correct,153543.mp3__2,153543.mp3,"What happens immediately after this event first appears: ""A metallic screeching sound is heard softly in the distance.""?","A. Motor vehicles pass by in the distance, producing a low rumbling sound. | B. Motor vehicles drive past, producing a loud rumbling sound that slowly fades away. | C. This is the last event, no immediate event after. | D. Motor vehicles rumble as they approach, gradually becoming louder.",D,B,D,exact-label,exact-label,B,D,4,False,True
audio-flamingo-3__vs__audio-flamingo-3-no-audio,3,noaudio_only_correct,157594.mp3__3,157594.mp3,"What happens immediately after this event first appears: ""A buchfink or chaffinch bird singing.""?","A. A house sparrow is singing. | B. This is the last event, no immediate event after. | C. Various birds singing. | D. A dove coos.",B,A,B,exact-label,exact-label,A,B,4,False,True
audio-flamingo-3__vs__audio-flamingo-3-no-audio,3,noaudio_only_correct,159346.mp3__3,159346.mp3,"What happens immediately after this event first appears: ""A whirring sound slowly diminishes as a vacuum cleaner is turned off.""?","A. A high-pitched mechanical whirring from a vacuum cleaner motor. | B. This is the last event, no immediate event after. | C. A deep humming sound of air passing through a vacuum cleaner. | D. An irregular high-pitched, piercing whistle from a vacuum cleaner suction.",B,A,B,exact-label,exact-label,A,B,4,False,True
audio-flamingo-3__vs__audio-flamingo-3-no-audio,3,noaudio_only_correct,159437.mp3__2,159437.mp3,"What happens immediately after this event first appears: ""An engine is roaring.""?","A. An engine is roaring and fading out. | B. This is the last event, no immediate event after. | C. A motorbike approaches and then fades away into the distance. | D. An engine is running on idle.",A,C,A,exact-label,exact-label,C,A,4,False,True
audio-flamingo-3__vs__audio-flamingo-3-no-audio,3,noaudio_only_correct,160551.mp3__3,160551.mp3,"What happens immediately after this event first appears: ""The bending sounds of large metal sheets.""?","A. Thunder rumbles. | B. This is the last event, no immediate event after. | C. Rain sounds. | D. The siren sounds are approaching.",B,A,B,exact-label,exact-label,A,B,4,False,True
audio-flamingo-3__vs__audio-flamingo-3-no-audio,3,noaudio_only_correct,161129.mp3__3,161129.mp3,"What happens immediately after this event first appears: ""An electric drill rotating at a slow speed.""?","A. An electric drill rotating at normal speed. | B. This is the last event, no immediate event after. | C. An electric drill accelerating. | D. An electric drill rotates at high speed.",B,A,B,exact-label,exact-label,A,B,4,False,True
audio-flamingo-3__vs__audio-flamingo-3-no-audio,3,noaudio_only_correct,161491.mp3__3,161491.mp3,"What happens immediately after this event first appears: ""People reacting to thunder with laughter, clapping, and talking in the background.""?","A. This is the last event, no immediate event after. | B. Loud thunder strikes the ground nearby. | C. Thunder rumbles in the background, slowly fading. | D. A person screams loudly in the distance.",A,B,A,exact-label,exact-label,B,A,4,False,True
audio-flamingo-3__vs__audio-flamingo-3-no-audio,3,noaudio_only_correct,161878.mp3__0,161878.mp3,"What happens immediately after this event first appears: ""Heavy engine noise.""?","A. Heavy machinery slows down. | B. Heavy machinery is passing by. | C. This is the last event, no immediate event after. | D. Heavy machinery spooling up.",D,B,D,exact-label,exact-label,B,D,4,False,True
audio-flamingo-3__vs__audio-flamingo-3-no-audio,3,noaudio_only_correct,161878.mp3__3,161878.mp3,"What happens immediately after this event first appears: ""Heavy machinery slows down.""?","A. Heavy machinery is passing by. | B. Heavy machinery spooling up. | C. Heavy engine noise. | D. This is the last event, no immediate event after.",D,A,D,exact-label,exact-label,A,D,4,False,True
audio-flamingo-3__vs__audio-flamingo-3-no-audio,3,noaudio_only_correct,163068.mp3__3,163068.mp3,"What happens immediately after this event first appears: ""A car horn honks continuously.""?","A. Gunshots and sounds of a person in pain. | B. Glass breaking while a person breathes hectically. | C. A person making hurtful sounds. | D. This is the last event, no immediate event after.",D,A,D,exact-label,exact-label,A,D,4,False,True
audio-flamingo-3__vs__audio-flamingo-3-no-audio,3,noaudio_only_correct,163601.mp3__3,163601.mp3,"What happens immediately after this event first appears: ""A drum roll gradually fading away.""?","A. This is the last event, no immediate event after. | B. Periodic laughter is heard. | C. A synthesizer is playing. | D. A button is pressed in silence.",A,D,A,exact-label,exact-label,D,A,4,False,True
audio-flamingo-3__vs__audio-flamingo-3-no-audio,3,noaudio_only_correct,167299.mp3__3,167299.mp3,"What happens immediately after this event first appears: ""A bell chimes in the distance.""?","A. People talking in the distance. | B. This is the last event, no immediate event after. | C. Piano playing a sad melody. | D. Mushy footsteps on soft ground.",B,A,B,exact-label,exact-label,A,B,4,False,True
audio-flamingo-3__vs__audio-flamingo-3-no-audio,3,noaudio_only_correct,103192.mp3__2,103192.mp3,"What happens immediately after this event first appears: ""A ship's horn sounds repeatedly in the distance.""?","A. This is the last event, no immediate event after. | B. A loud musical horn playing indoors. | C. People are talking in the background.",A,C,A,exact-label,exact-label,C,A,3,False,True
audio-flamingo-3__vs__audio-flamingo-3-no-audio,3,noaudio_only_correct,105289.mp3__2,105289.mp3,"What happens immediately after this event first appears: ""Vehicle engine gradually increases in volume and then fades away.""?","A. An ambulance is approaching from a distance, beeping repeatedly as it passes by. | B. This is the last event, no immediate event after. | C. A heavy truck horn honks loudly and repeatedly.",B,A,B,exact-label,exact-label,A,B,3,False,True
audio-flamingo-3__vs__audio-flamingo-3-no-audio,3,noaudio_only_correct,106013.mp3__2,106013.mp3,"What happens immediately after this event first appears: ""Motor turning off.""?","A. An engine is starting up. | B. This is the last event, no immediate event after. | C. An engine is running.",B,C,B,exact-label,exact-label,C,B,3,False,True
audio-flamingo-3__vs__audio-flamingo-3-no-audio,3,noaudio_only_correct,113344.mp3__1,113344.mp3,"What happens immediately after this event first appears: ""An unclear radio message is heard in the distance.""?","A. This is the last event, no immediate event after. | B. An engine is running nearby. | C. A loud beeping sound is heard in the distance.",C,B,C,exact-label,exact-label,B,C,3,False,True
audio-flamingo-3__vs__audio-flamingo-3-no-audio,3,noaudio_only_correct,113351.mp3__2,113351.mp3,"What happens immediately after this event first appears: ""Very faint, muffled footsteps on heels walking outside.""?","A. Footsteps on heels walking outside loudly and clearly. | B. This is the last event, no immediate event after. | C. Engines of passing vehicles are muffled in the background.",B,C,B,exact-label,exact-label,C,B,3,False,True
audio-flamingo-3__vs__audio-flamingo-3-no-audio,3,noaudio_only_correct,113355.mp3__2,113355.mp3,"What happens immediately after this event first appears: ""A truck passes by with a roaring engine.""?","A. Traffic gradually gets louder on the street. | B. Multiple cars driving on a street in the distance. | C. This is the last event, no immediate event after.",C,A,C,exact-label,exact-label,A,C,3,False,True
audio-flamingo-3__vs__audio-flamingo-3-no-audio,3,noaudio_only_correct,120777.mp3__2,120777.mp3,"What happens immediately after this event first appears: ""A high-pitched sound of train wheels braking on tracks.""?","A. This is the last event, no immediate event after. | B. A train horn honks. | C. A slow train is passing by.",A,B,A,exact-label,exact-label,B,A,3,False,True
audio-flamingo-3__vs__audio-flamingo-3-no-audio,3,noaudio_only_correct,127303.mp3__2,127303.mp3,"What happens immediately after this event first appears: ""A dog barks outdoors.""?","A. A dog barks and sniffs someone outdoors. | B. This is the last event, no immediate event after. | C. Man and woman talking with a dog barking in the background.",B,A,B,exact-label,exact-label,A,B,3,False,True
audio-flamingo-3__vs__audio-flamingo-3-no-audio,3,noaudio_only_correct,127345.mp3__2,127345.mp3,"What happens immediately after this event first appears: ""A person screaming in the distance.""?","A. This is the last event, no immediate event after. | B. Whirring engine of a truck in low gear. | C. An engine hums constantly nearby.",A,B,A,exact-label,exact-label,B,A,3,False,True
audio-flamingo-3__vs__audio-flamingo-3-no-audio,3,noaudio_only_correct,127704.mp3__2,127704.mp3,"What happens immediately after this event first appears: ""High-pitched lasers shooting.""?","A. This is the last event, no immediate event after. | B. Heavy background noise. | C. Horn-like sound blaring.",A,C,A,exact-label,exact-label,C,A,3,False,True
audio-flamingo-3__vs__audio-flamingo-3-no-audio,3,noaudio_only_correct,127989.mp3__2,127989.mp3,"What happens immediately after this event first appears: ""A goose is honking.""?","A. This is the last event, no immediate event after. | B. A pig grunts. | C. A pig squeals.",A,B,A,exact-label,exact-label,B,A,3,False,True
audio-flamingo-3__vs__audio-flamingo-3-no-audio,3,noaudio_only_correct,128893.mp3__2,128893.mp3,"What happens immediately after this event first appears: ""Continuous repetitive gargling sounds.""?","A. A short sneeze and cough indoors. | B. A short sneeze. | C. This is the last event, no immediate event after.",C,A,C,exact-label,exact-label,A,C,3,False,True
audio-flamingo-3__vs__audio-flamingo-3-no-audio,3,noaudio_only_correct,131197.mp3__2,131197.mp3,"What happens immediately after this event first appears: ""A phone rings continuously throughout.""?","A. This is the last event, no immediate event after. | B. A short dull knock similar to a door closing. | C. A woman is speaking.",A,B,A,exact-label,exact-label,B,A,3,False,True
audio-flamingo-3__vs__audio-flamingo-3-no-audio,3,noaudio_only_correct,135839.mp3__2,135839.mp3,"What happens immediately after this event first appears: ""The sound of a mechanical instrument being pulled inside a vehicle.""?","A. An old motor powers a working vehicle. | B. A sawmill operating. | C. This is the last event, no immediate event after.",C,A,C,exact-label,exact-label,A,C,3,False,True
audio-flamingo-3__vs__audio-flamingo-3-no-audio,3,noaudio_only_correct,140845.mp3__2,140845.mp3,"What happens immediately after this event first appears: ""A woman is speaking.""?","A. Mechanical vibrations from a heavy machine. | B. Indistinct voices are heard in the background. | C. This is the last event, no immediate event after.",C,B,C,exact-label,exact-label,B,C,3,False,True
audio-flamingo-3__vs__audio-flamingo-3-no-audio,3,noaudio_only_correct,141415.mp3__2,141415.mp3,"What happens immediately after this event first appears: ""Drums fading away.""?","A. This is the last event, no immediate event after. | B. Rackets click rhythmically. | C. Drums gradually get louder.",A,B,A,exact-label,exact-label,B,A,3,False,True
audio-flamingo-3__vs__audio-flamingo-3-no-audio,3,noaudio_only_correct,143225.mp3__2,143225.mp3,"What happens immediately after this event first appears: ""Someone clearing their throat indoors.""?","A. This is the last event, no immediate event after. | B. A baby is trying to talk. | C. A person coughing indoors.",A,C,A,exact-label,exact-label,C,A,3,False,True
audio-flamingo-3__vs__audio-flamingo-3-no-audio,3,noaudio_only_correct,143930.mp3__2,143930.mp3,"What happens immediately after this event first appears: ""Rhythmic pedaling sounds from an indoor bike.""?","A. A loud rustling sound of someone moving indoors. | B. A sharp, high-pitched beep sounds after a button is pressed. | C. This is the last event, no immediate event after.",C,B,C,exact-label,exact-label,B,C,3,False,True
audio-flamingo-3__vs__audio-flamingo-3-no-audio,3,noaudio_only_correct,145550.mp3__2,145550.mp3,"What happens immediately after this event first appears: ""A vehicle passes by loudly and very close.""?","A. A large group of vehicles creates loud traffic noise outdoors. | B. A muffled sound of birds in the distance. | C. This is the last event, no immediate event after.",C,A,C,exact-label,exact-label,A,C,3,False,True
audio-flamingo-3__vs__audio-flamingo-3-no-audio,3,noaudio_only_correct,145553.mp3__1,145553.mp3,"What happens immediately after this event first appears: ""Hammering noise from construction mixed with road traffic sounds in the background.""?","A. Road traffic near construction. | B. This is the last event, no immediate event after. | C. A disc tray is being emptied while street noises are heard in the background.",C,A,C,exact-label,exact-label,A,C,3,False,True
audio-flamingo-3__vs__audio-flamingo-3-no-audio,3,noaudio_only_correct,147764.mp3__2,147764.mp3,"What happens immediately after this event first appears: ""A drill is laying down on the floor.""?","A. This is the last event, no immediate event after. | B. A drill is operating. | C. Very quiet speech in the background.",A,B,A,exact-label,exact-label,B,A,3,False,True
audio-flamingo-3__vs__audio-flamingo-3-no-audio,3,noaudio_only_correct,149293.mp3__2,149293.mp3,"What happens immediately after this event first appears: ""A loud, aggressive chainsaw cutting through wood with a rough and intense tone.""?","A. An ambient engine sound gradually fades into near silence. | B. This is the last event, no immediate event after. | C. A chainsaw cuts through wood with a low, steady buzzing sound.",B,A,B,exact-label,exact-label,A,B,3,False,True
audio-flamingo-3__vs__audio-flamingo-3-no-audio,3,noaudio_only_correct,151807.mp3__2,151807.mp3,"What happens immediately after this event first appears: ""A train passing by.""?","A. High-pitched warning bells ring in a rhythmic pattern. | B. This is the last event, no immediate event after. | C. A high-pitched voice is speaking over a speaker.",B,A,B,exact-label,exact-label,A,B,3,False,True
audio-flamingo-3__vs__audio-flamingo-3-no-audio,3,noaudio_only_correct,156.mp3__2,156.mp3,"What happens immediately after this event first appears: ""A woman is speaking in a child-friendly tone.""?","A. Small children laughing in the background. | B. This is the last event, no immediate event after. | C. A small child laughs nearby.",B,C,B,exact-label,exact-label,C,B,3,False,True
audio-flamingo-3__vs__audio-flamingo-3-no-audio,3,noaudio_only_correct,157565.mp3__2,157565.mp3,"What happens immediately after this event first appears: ""String instruments play a slow melody indoors.""?","A. A slow piano melody is being played. | B. A piano plays a slowing melody with added accompaniment. | C. This is the last event, no immediate event after.",C,B,C,exact-label,exact-label,B,C,3,False,True
audio-flamingo-3__vs__audio-flamingo-3-no-audio,3,noaudio_only_correct,160041.mp3__2,160041.mp3,"What happens immediately after this event first appears: ""Footsteps on gravel.""?","A. People are talking with each other. | B. A child is talking loudly. | C. This is the last event, no immediate event after.",C,A,C,exact-label,exact-label,A,C,3,False,True
audio-flamingo-3__vs__audio-flamingo-3-no-audio,3,noaudio_only_correct,160157.mp3__2,160157.mp3,"What happens immediately after this event first appears: ""A car passes loudly, then fades away.""?","A. Thunder rumbles loudly in a muffled manner. | B. This is the last event, no immediate event after. | C. Crickets chirping quietly in a periodic pattern outside.",B,A,B,exact-label,exact-label,A,B,3,False,True
audio-flamingo-3__vs__audio-flamingo-3-no-audio,3,noaudio_only_correct,167370.mp3__2,167370.mp3,"What happens immediately after this event first appears: ""Birds chirp lively in the harbor.""?","A. The low rumble of a motorboat engine starting. | B. Several people are speaking softly in the harbor. | C. This is the last event, no immediate event after.",C,B,C,exact-label,exact-label,B,C,3,False,True
audio-flamingo-3__vs__audio-flamingo-3-no-audio,3,noaudio_only_correct,167665.mp3__2,167665.mp3,"What happens immediately after this event first appears: ""A train is moving into the distance.""?","A. A train is passing by. | B. A train is approaching. | C. This is the last event, no immediate event after.",C,B,C,exact-label,exact-label,B,C,3,False,True
audio-flamingo-3__vs__audio-flamingo-3-no-audio,3,noaudio_only_correct,168306.mp3__1,168306.mp3,"What happens immediately after this event first appears: ""Non-rhythmic footsteps on wood.""?","A. Rhythmic footsteps on wood. | B. This is the last event, no immediate event after. | C. A wooden door is closing.",A,C,A,exact-label,exact-label,C,A,3,False,True
audio-flamingo-3__vs__audio-flamingo-3-no-audio,3,noaudio_only_correct,168585.mp3__1,168585.mp3,"What happens immediately after this event first appears: ""Fire alarm sounding like a bell.""?","A. This is the last event, no immediate event after. | B. A fire alarm sounds like a bell. | C. A female voice announces an alarm.",B,C,B,exact-label,exact-label,C,B,3,False,True
audio-flamingo-3__vs__audio-flamingo-3-no-audio,3,noaudio_only_correct,169102.mp3__1,169102.mp3,"What happens immediately after this event first appears: ""A sharp whistle sounds continuously outdoors.""?","A. This is the last event, no immediate event after. | B. Continuous traffic noise from passing vehicles outdoors. | C. A sharp, short whistle sounds outdoors.",C,B,C,exact-label,exact-label,B,C,3,False,True
audio-flamingo-3__vs__audio-flamingo-3-no-audio,3,noaudio_only_correct,169102.mp3__2,169102.mp3,"What happens immediately after this event first appears: ""A sharp, short whistle sounds outdoors.""?","A. Continuous traffic noise from passing vehicles outdoors. | B. A sharp whistle sounds continuously outdoors. | C. This is the last event, no immediate event after.",C,A,C,exact-label,exact-label,A,C,3,False,True
audio-flamingo-3__vs__audio-flamingo-3-no-audio,3,noaudio_only_correct,17208.mp3__2,17208.mp3,"What happens immediately after this event first appears: ""Train moving away from a station.""?","A. This is the last event, no immediate event after. | B. A train is approaching a station. | C. A train passes by a station without stopping.",A,C,A,exact-label,exact-label,C,A,3,False,True
audio-flamingo-3__vs__audio-flamingo-3-no-audio,3,noaudio_only_correct,173978.mp3__2,173978.mp3,"What happens immediately after this event first appears: ""A muffled human voice is heard briefly nearby.""?","A. This is the last event, no immediate event after. | B. Background noise playing monotonously. | C. A ship honks its foghorn loudly with a deep tone from far away.",A,C,A,exact-label,exact-label,C,A,3,False,True
audio-flamingo-3__vs__audio-flamingo-3-no-audio,3,noaudio_only_correct,174040.mp3__2,174040.mp3,"What happens immediately after this event first appears: ""The noise gradually gets quieter as the train passes by.""?","A. A train runs along the tracks, making a steady noise. | B. A train is approaching with a steady sound. | C. This is the last event, no immediate event after.",C,A,C,exact-label,exact-label,A,C,3,False,True
audio-flamingo-3__vs__audio-flamingo-3-no-audio,3,noaudio_only_correct,176020.mp3__2,176020.mp3,"What happens immediately after this event first appears: ""Soft sounds of walking in a jungle environment.""?","A. Recorder noise throughout. | B. Birds singing continuously in the distance outdoors. | C. This is the last event, no immediate event after.",C,B,C,exact-label,exact-label,B,C,3,False,True
audio-flamingo-3__vs__audio-flamingo-3-no-audio,3,noaudio_only_correct,176096.mp3__2,176096.mp3,"What happens immediately after this event first appears: ""A train honks loudly nearby.""?","A. Children talking animatedly in the far distance. | B. A train is rolling by slowly. | C. This is the last event, no immediate event after.",C,A,C,exact-label,exact-label,A,C,3,False,True
audio-flamingo-3__vs__audio-flamingo-3-no-audio,3,noaudio_only_correct,101847.mp3__1,101847.mp3,"What happens immediately after this event first appears: ""Two people are speaking in Spanish, one close to the microphone and the other in the background.""?","A. This is the last event, no immediate event after. | B. Multiple people are speaking.",A,B,A,exact-label,exact-label,B,A,2,False,True
audio-flamingo-3__vs__audio-flamingo-3-no-audio,3,noaudio_only_correct,106836.mp3__1,106836.mp3,"What happens immediately after this event first appears: ""A stop request button beeps inside an urban bus.""?","A. An urban bus engine runs. | B. This is the last event, no immediate event after.",B,A,B,exact-label,exact-label,A,B,2,False,True
audio-flamingo-3__vs__audio-flamingo-3-no-audio,3,noaudio_only_correct,108751.mp3__1,108751.mp3,"What happens immediately after this event first appears: ""Air valves open with a loud hiss.""?","A. A motor hums loudly in a steady pattern. | B. This is the last event, no immediate event after.",B,A,B,exact-label,exact-label,A,B,2,False,True
audio-flamingo-3__vs__audio-flamingo-3-no-audio,3,noaudio_only_correct,108811.mp3__1,108811.mp3,"What happens immediately after this event first appears: ""A low-pitched, soft, and continuous sawing sound nearby.""?","A. Incessant wind gushing with a strong whooshing noise. | B. This is the last event, no immediate event after.",B,A,B,exact-label,exact-label,A,B,2,False,True
audio-flamingo-3__vs__audio-flamingo-3-no-audio,3,noaudio_only_correct,110317.mp3__1,110317.mp3,"What happens immediately after this event first appears: ""Beeping sound indicating the start of a recording.""?","A. Repeated brass fanfare phrases with noticeable pauses and a faint beeping sound between segments. | B. This is the last event, no immediate event after.",B,A,B,exact-label,exact-label,A,B,2,False,True
audio-flamingo-3__vs__audio-flamingo-3-no-audio,3,noaudio_only_correct,111171.mp3__1,111171.mp3,"What happens immediately after this event first appears: ""An object clatters loudly.""?","A. This is the last event, no immediate event after. | B. A bus engine hums.",A,B,A,exact-label,exact-label,B,A,2,False,True
audio-flamingo-3__vs__audio-flamingo-3-no-audio,3,noaudio_only_correct,111178.mp3__1,111178.mp3,"What happens immediately after this event first appears: ""An automated announcement is made by a woman’s voice.""?","A. A bus engine runs continuously. | B. This is the last event, no immediate event after.",B,A,B,exact-label,exact-label,A,B,2,False,True
audio-flamingo-3__vs__audio-flamingo-3-no-audio,3,noaudio_only_correct,114463.mp3__1,114463.mp3,"What happens immediately after this event first appears: ""A group of people walking and speaking.""?","A. A railroad bell rings with a constant metallic sound. | B. This is the last event, no immediate event after.",B,A,B,exact-label,exact-label,A,B,2,False,True
audio-flamingo-3__vs__audio-flamingo-3-no-audio,3,noaudio_only_correct,116485.mp3__1,116485.mp3,"What happens immediately after this event first appears: ""Footsteps of a dog walking.""?","A. This is the last event, no immediate event after. | B. A dog barks furiously.",A,B,A,exact-label,exact-label,B,A,2,False,True
audio-flamingo-3__vs__audio-flamingo-3-no-audio,3,noaudio_only_correct,119455.mp3__1,119455.mp3,"What happens immediately after this event first appears: ""Motorbike engine switching off.""?","A. This is the last event, no immediate event after. | B. A motorbike engine is running on idle.",A,B,A,exact-label,exact-label,B,A,2,False,True
audio-flamingo-3__vs__audio-flamingo-3-no-audio,3,noaudio_only_correct,122978.mp3__1,122978.mp3,"What happens immediately after this event first appears: ""Strange, garbled chatter blending alien clicks, guttural growls, and unintelligible gibberish.""?","A. A low-frequency growl. | B. This is the last event, no immediate event after.",B,A,B,exact-label,exact-label,A,B,2,False,True
audio-flamingo-3__vs__audio-flamingo-3-no-audio,3,noaudio_only_correct,126272.mp3__1,126272.mp3,"What happens immediately after this event first appears: ""A bell rings loudly once outdoors.""?","A. This is the last event, no immediate event after. | B. A high-pitched bell rings rhythmically in the distance.",A,B,A,exact-label,exact-label,B,A,2,False,True
audio-flamingo-3__vs__audio-flamingo-3-no-audio,3,noaudio_only_correct,126568.mp3__1,126568.mp3,"What happens immediately after this event first appears: ""A train moves on tracks, emitting a loud, rhythmic, rustling, and banging metallic noise with continuously fluctuating volume.""?","A. A horn emits a loud, medium-pitched honk that increases and then decreases in volume and pitch. | B. This is the last event, no immediate event after.",B,A,B,exact-label,exact-label,A,B,2,False,True
audio-flamingo-3__vs__audio-flamingo-3-no-audio,3,noaudio_only_correct,126762.mp3__1,126762.mp3,"What happens immediately after this event first appears: ""A train whistle blows.""?","A. A long steam train passes by. | B. This is the last event, no immediate event after.",B,A,B,exact-label,exact-label,A,B,2,False,True
audio-flamingo-3__vs__audio-flamingo-3-no-audio,3,noaudio_only_correct,129649.mp3__1,129649.mp3,"What happens immediately after this event first appears: ""A noisy crash cymbal is hit.""?","A. This is the last event, no immediate event after. | B. A drum set plays a steady rhythm.",A,B,A,exact-label,exact-label,B,A,2,False,True
audio-flamingo-3__vs__audio-flamingo-3-no-audio,3,noaudio_only_correct,136284.mp3__1,136284.mp3,"What happens immediately after this event first appears: ""A thunder reverberates.""?","A. Thunder rumbling in the distance. | B. This is the last event, no immediate event after.",B,A,B,exact-label,exact-label,A,B,2,False,True
audio-flamingo-3__vs__audio-flamingo-3-no-audio,3,noaudio_only_correct,136288.mp3__1,136288.mp3,"What happens immediately after this event first appears: ""Several dogs bark loudly and repeatedly outdoors, their echoes carrying through the air.""?","A. This is the last event, no immediate event after. | B. A bird is singing outdoors, its melodic calls echoing through the open space.",A,B,A,exact-label,exact-label,B,A,2,False,True
audio-flamingo-3__vs__audio-flamingo-3-no-audio,3,noaudio_only_correct,140598.mp3__1,140598.mp3,"What happens immediately after this event first appears: ""A male flight attendant makes an announcement in English over a microphone.""?","A. A plane engine continuously hums quietly in the background. | B. This is the last event, no immediate event after.",B,A,B,exact-label,exact-label,A,B,2,False,True
audio-flamingo-3__vs__audio-flamingo-3-no-audio,3,noaudio_only_correct,144529.mp3__1,144529.mp3,"What happens immediately after this event first appears: ""Repeated splashing water sounds.""?","A. White noise is heard in the background. | B. This is the last event, no immediate event after.",B,A,B,exact-label,exact-label,A,B,2,False,True
audio-flamingo-3__vs__audio-flamingo-3-no-audio,3,noaudio_only_correct,145552.mp3__1,145552.mp3,"What happens immediately after this event first appears: ""A short beep from a traffic light.""?","A. A metro train passes by on an outdoor rail. | B. This is the last event, no immediate event after.",B,A,B,exact-label,exact-label,A,B,2,False,True
audio-flamingo-3__vs__audio-flamingo-3-no-audio,3,noaudio_only_correct,148333.mp3__1,148333.mp3,"What happens immediately after this event first appears: ""Water droplets become lighter and softer, gradually fading as the flow decreases or stops.""?","A. This is the last event, no immediate event after. | B. Water droplets fall into a bucket, starting with two sharp, heavy drops followed by a regular, rhythmic pattern.",A,B,A,exact-label,exact-label,B,A,2,False,True
audio-flamingo-3__vs__audio-flamingo-3-no-audio,3,noaudio_only_correct,148451.mp3__1,148451.mp3,"What happens immediately after this event first appears: ""A helicopter's rotor sound gradually fades away in the distance with slight reverb.""?","A. This is the last event, no immediate event after. | B. A helicopter hovers overhead with a steady rotor sound in the distance.",A,B,A,exact-label,exact-label,B,A,2,False,True
audio-flamingo-3__vs__audio-flamingo-3-no-audio,3,noaudio_only_correct,148759.mp3__1,148759.mp3,"What happens immediately after this event first appears: ""A person plucks the string of a string instrument.""?","A. This is the last event, no immediate event after. | B. All the strings of a harp are played, producing a deep, eerie sound with a long echo.",A,B,A,exact-label,exact-label,B,A,2,False,True
audio-flamingo-3__vs__audio-flamingo-3-no-audio,3,noaudio_only_correct,149977.mp3__1,149977.mp3,"What happens immediately after this event first appears: ""Plastic hitting an object.""?","A. This is the last event, no immediate event after. | B. Engine noises.",A,B,A,exact-label,exact-label,B,A,2,False,True
audio-flamingo-3__vs__audio-flamingo-3-no-audio,3,noaudio_only_correct,154952.mp3__1,154952.mp3,"What happens immediately after this event first appears: ""A button is pressed repeatedly.""?","A. Prolonged background noise indoors. | B. This is the last event, no immediate event after.",B,A,B,exact-label,exact-label,A,B,2,False,True
audio-flamingo-3__vs__audio-flamingo-3-no-audio,3,noaudio_only_correct,156061.mp3__1,156061.mp3,"What happens immediately after this event first appears: ""Something clatters in the mid-distance.""?","A. This is the last event, no immediate event after. | B. Multiple people are talking in a busy restaurant.",A,B,A,exact-label,exact-label,B,A,2,False,True
audio-flamingo-3__vs__audio-flamingo-3-no-audio,3,noaudio_only_correct,156363.mp3__1,156363.mp3,"What happens immediately after this event first appears: ""The motor of a lawn mower or construction machine is running.""?","A. This is the last event, no immediate event after. | B. Drilling sounds on a construction site.",A,B,A,exact-label,exact-label,B,A,2,False,True
audio-flamingo-3__vs__audio-flamingo-3-no-audio,3,noaudio_only_correct,157844.mp3__1,157844.mp3,"What happens immediately after this event first appears: ""Water is running.""?","A. A small stream of water flowing smoothly underwater. | B. This is the last event, no immediate event after.",B,A,B,exact-label,exact-label,A,B,2,False,True
audio-flamingo-3__vs__audio-flamingo-3-no-audio,3,noaudio_only_correct,159738.mp3__1,159738.mp3,"What happens immediately after this event first appears: ""A police siren wails loudly as it passes by.""?","A. A police siren wails repeatedly in the distance. | B. This is the last event, no immediate event after.",B,A,B,exact-label,exact-label,A,B,2,False,True
audio-flamingo-3__vs__audio-flamingo-3-no-audio,3,noaudio_only_correct,159743.mp3__1,159743.mp3,"What happens immediately after this event first appears: ""Low-pitched siren sounds with long pauses.""?","A. A high-pitched siren is sounding repeatedly. | B. This is the last event, no immediate event after.",B,A,B,exact-label,exact-label,A,B,2,False,True
audio-flamingo-3__vs__audio-flamingo-3-no-audio,3,noaudio_only_correct,159745.mp3__1,159745.mp3,"What happens immediately after this event first appears: ""Car engine revving as a car passes by.""?","A. This is the last event, no immediate event after. | B. The siren of a police or ambulance vehicle runs continuously and fades at the end.",A,B,A,exact-label,exact-label,B,A,2,False,True
audio-flamingo-3__vs__audio-flamingo-3-no-audio,3,noaudio_only_correct,161290.mp3__1,161290.mp3,"What happens immediately after this event first appears: ""A violin's strings are plucked continuously in a rhythmic, mellow, and uniform pattern, with a slight echo after each pluck.""?","A. A guitar harmonic is played, gradually fading with an echo. | B. This is the last event, no immediate event after.",B,A,B,exact-label,exact-label,A,B,2,False,True
audio-flamingo-3__vs__audio-flamingo-3-no-audio,3,noaudio_only_correct,164043.mp3__1,164043.mp3,"What happens immediately after this event first appears: ""Calm waves.""?","A. Strong waves repeatedly lap on the shore. | B. This is the last event, no immediate event after.",B,A,B,exact-label,exact-label,A,B,2,False,True
audio-flamingo-3__vs__audio-flamingo-3-no-audio,3,noaudio_only_correct,164315.mp3__1,164315.mp3,"What happens immediately after this event first appears: ""Fast, loud footsteps on a wooden floor.""?","A. Calm footsteps on a wooden floor. | B. This is the last event, no immediate event after.",B,A,B,exact-label,exact-label,A,B,2,False,True
audio-flamingo-3__vs__audio-flamingo-3-no-audio,3,noaudio_only_correct,165265.mp3__1,165265.mp3,"What happens immediately after this event first appears: ""Printing sounds on a wooden keyboard.""?","A. Rain hitting a hollow surface nearby. | B. This is the last event, no immediate event after.",B,A,B,exact-label,exact-label,A,B,2,False,True
audio-flamingo-3__vs__audio-flamingo-3-no-audio,3,noaudio_only_correct,169231.mp3__1,169231.mp3,"What happens immediately after this event first appears: ""Distant, muffled thunder rumbling.""?","A. Irregular dripping sounds in the distance. | B. This is the last event, no immediate event after.",B,A,B,exact-label,exact-label,A,B,2,False,True
audio-flamingo-3__vs__audio-flamingo-3-no-audio,3,noaudio_only_correct,170247.mp3__1,170247.mp3,"What happens immediately after this event first appears: ""Wood bursts loudly from the heat of a fire nearby.""?","A. Fire burns quietly with an irregular pattern nearby. | B. This is the last event, no immediate event after.",B,A,B,exact-label,exact-label,A,B,2,False,True
audio-flamingo-3__vs__audio-flamingo-3-no-audio,3,noaudio_only_correct,172596.mp3__1,172596.mp3,"What happens immediately after this event first appears: ""Heavy rain with low-frequency noise.""?","A. This is the last event, no immediate event after. | B. Thunder roars loudly during rain.",A,B,A,exact-label,exact-label,B,A,2,False,True
audio-flamingo-3__vs__audio-flamingo-3-no-audio,3,noaudio_only_correct,172735.mp3__1,172735.mp3,"What happens immediately after this event first appears: ""An engine halts followed by a metallic clicking sound.""?","A. This is the last event, no immediate event after. | B. A machine hums and whirrs electrically.",A,B,A,exact-label,exact-label,B,A,2,False,True
audio-flamingo-3__vs__audio-flamingo-3-no-audio,3,noaudio_only_correct,173447.mp3__1,173447.mp3,"What happens immediately after this event first appears: ""Birds are singing with sharp voices in an unsteady pattern.""?","A. Heavy and consistent rain falling on a tiled terrace floor. | B. This is the last event, no immediate event after.",B,A,B,exact-label,exact-label,A,B,2,False,True
audio-flamingo-3__vs__audio-flamingo-3-no-audio,3,noaudio_only_correct,173511.mp3__1,173511.mp3,"What happens immediately after this event first appears: ""Hammer repeatedly hitting an object.""?","A. This is the last event, no immediate event after. | B. Background sounds of a construction vehicle outdoors.",A,B,A,exact-label,exact-label,B,A,2,False,True
audio-flamingo-3__vs__audio-flamingo-3-no-audio,3,noaudio_only_correct,173976.mp3__1,173976.mp3,"What happens immediately after this event first appears: ""The distant echo of a ship horn fading.""?","A. A loud, sharp honk from a ship on the water. | B. This is the last event, no immediate event after.",B,A,B,exact-label,exact-label,A,B,2,False,True
audio-flamingo-3__vs__audio-flamingo-3-no-audio,3,noaudio_only_correct,174039.mp3__1,174039.mp3,"What happens immediately after this event first appears: ""Gas leaking under pressure.""?","A. Sound of a moving train. | B. This is the last event, no immediate event after.",B,A,B,exact-label,exact-label,A,B,2,False,True
audio-flamingo-3__vs__audio-flamingo-3-no-audio,3,noaudio_only_correct,176162.mp3__1,176162.mp3,"What happens immediately after this event first appears: ""A glockenspiel chimes brightly in a rhythmic pattern.""?","A. A glockenspiel chimes slowly and gently in a rhythmic pattern. | B. This is the last event, no immediate event after.",B,A,B,exact-label,exact-label,A,B,2,False,True
qwen2-audio-7b-instruct__vs__qwen2-audio-7b-instruct-no-audio,3,audio_only_correct,167750.mp3__1,167750.mp3,"What happens immediately after this event first appears: ""The pot lid rattles and bangs.""?","A. A cracking sound of something hitting wood. | B. A shrill grinding humming noise from a drill gradually decreases in intensity. | C. Footsteps of a man walking slowly. | D. Someone is speaking briefly in the background. | E. This is the last event, no immediate event after. | F. A brief metallic clank of metal hitting the ground. | G. A person is speaking briefly in the background. | H. A shrill grinding humming noise from a drill that fluctuates in intensity. | I. A drill drilling into wood with fast consecutive banging noises. | J. A drill makes a short humming noise while drilling briefly. | K. A drill makes a grinding humming noise. | L. An object is being drilled irregularly. | M. Three consecutive thumping noises. | N. A metallic piece clanks sharply as it hits the ground.",A,A,INVALID,exact-label,invalid,A,"Based on the given event description, the most likely option to occur immediately after the",14,True,False
qwen2-audio-7b-instruct__vs__qwen2-audio-7b-instruct-no-audio,3,audio_only_correct,141704.mp3__5,141704.mp3,"What happens immediately after this event first appears: ""Multiple men chanting muffled words.""?","A. A crowd of people cheering loudly in an arena. | B. A man is speaking in Spanish. | C. A man is speaking muffled. | D. A woman is yelling in Spanish. | E. A large crowd cheering in an arena. | F. A woman celebrates with a high-pitched whoop. | G. This is the last event, no immediate event after. | H. A muffled thumping sound in the background. | I. A person is whistling in the distance. | J. Muffled crowd talking. | K. A crowd of people making noise in an arena. | L. A crowd boos and whistles together.",C,C,INVALID,exact-label,invalid,C,"Based on the given information, it is not possible to determine what happens immediately after",12,True,False
qwen2-audio-7b-instruct__vs__qwen2-audio-7b-instruct-no-audio,3,audio_only_correct,176385.mp3__7,176385.mp3,"What happens immediately after this event first appears: ""A vehicle honks in the background.""?","A. A car is passing on the street. | B. A motorcycle passes on the street. | C. A child screams playfully outside. | D. Traffic sounds. | E. A baby making sounds. | F. A child screams in a high-pitched voice. | G. People are talking outside on the street. | H. This is the last event, no immediate event after. | I. A child screams. | J. A motorcycle passes by.",C,C,D,exact-label,regex-label,C,D. Traffic sounds.,10,True,False
qwen2-audio-7b-instruct__vs__qwen2-audio-7b-instruct-no-audio,3,audio_only_correct,147534.mp3__1,147534.mp3,"What happens immediately after this event first appears: ""A lighter beep tone, possibly a radio signal.""?","A. A stretched, dull beep. | B. A very dull, stretched-out tone. | C. The sound of a digit being dialed on a phone. | D. A stretched-out, dull beep tone. | E. A dull sound with a rapidly wavering tone. | F. A high-pitched beep followed by the sound of dialing a digit on a phone. | G. This is the last event, no immediate event after. | H. A stretched beep followed by a dialing tone on a phone.",C,C,INVALID,exact-label,invalid,C,"Based on the given information, it is impossible to determine the exact event that occurs",8,True,False
qwen2-audio-7b-instruct__vs__qwen2-audio-7b-instruct-no-audio,3,audio_only_correct,126884.mp3__4,126884.mp3,"What happens immediately after this event first appears: ""Setting down a cup on the table produces two muffled sounds.""?","A. A person breathes out softly. | B. A porcelain cup hits another, making a sudden clinking sound. | C. A person exhales softly. | D. This is the last event, no immediate event after. | E. A porcelain cup softly clinks against another. | F. A spoon is set down in a cup, producing a metallic clinking sound. | G. A spoon clinks and scrapes while stirring a drink.",B,B,E,exact-label,regex-label,B,E. A porcelain cup softly clinks against another.,7,True,False
qwen2-audio-7b-instruct__vs__qwen2-audio-7b-instruct-no-audio,3,audio_only_correct,166930.mp3__3,166930.mp3,"What happens immediately after this event first appears: ""A sharp metallic clatter.""?","A. Metal clashing. | B. Male voices chattering faintly in the distance with echoes through a hall. | C. A sharp metallic sound. | D. Metal hits the floor with a sharp clattering sound. | E. Construction noises echoing off hard surfaces. | F. A swift, raspy swish of an object being dragged or swiped across a smooth surface. | G. This is the last event, no immediate event after.",C,C,D,exact-label,regex-label,C,D. Metal hits the floor with a sharp clattering sound.,7,True,False
qwen2-audio-7b-instruct__vs__qwen2-audio-7b-instruct-no-audio,3,audio_only_correct,167094.mp3__1,167094.mp3,"What happens immediately after this event first appears: ""Short electronic whistle with echo.""?","A. Soft background noise. | B. Noise. | C. Quiet rustling sounds. | D. Someone is speaking through a speaker. | E. This is the last event, no immediate event after. | F. Someone sighs. | G. Thumping sound.",D,D,B,exact-label,regex-label,D,B. Noise.,7,True,False
qwen2-audio-7b-instruct__vs__qwen2-audio-7b-instruct-no-audio,3,audio_only_correct,114629.mp3__4,114629.mp3,"What happens immediately after this event first appears: ""The loud, turbulent, and calming sound of waves on the beach.""?","A. The sound of water waves on the beach gradually increasing. | B. This is the last event, no immediate event after. | C. The quiet, repetitive sound of flowing water. | D. A large wave on the beach fades away quietly. | E. A wave on the beach rises loudly and rapidly. | F. A large wave rapidly increases in volume on the beach.",E,E,C,exact-label,regex-label,E,"C. The quiet, repetitive sound of flowing water.",6,True,False
qwen2-audio-7b-instruct__vs__qwen2-audio-7b-instruct-no-audio,3,audio_only_correct,128137.mp3__4,128137.mp3,"What happens immediately after this event first appears: ""A dog howls quietly.""?","A. A dog howls loudly. | B. This is the last event, no immediate event after. | C. A dog whines quietly. | D. A wolf is whining. | E. A dog howls, starting quietly and then getting louder. | F. A wolf whines quietly.",E,E,C,exact-label,regex-label,E,C. A dog whines quietly.,6,True,False
qwen2-audio-7b-instruct__vs__qwen2-audio-7b-instruct-no-audio,3,audio_only_correct,130864.mp3__2,130864.mp3,"What happens immediately after this event first appears: ""A car is speeding up and approaching.""?","A. A car rapidly accelerates and approaches. | B. A train is approaching. | C. A train gradually moving away on the tracks. | D. A loud car crash is heard from a distance on the train track. | E. A car and a train gradually approach each other. | F. This is the last event, no immediate event after.",E,E,INVALID,exact-label,invalid,E,"Based on the given information, the immediate event that occurs after a car is speeding",6,True,False
qwen2-audio-7b-instruct__vs__qwen2-audio-7b-instruct-no-audio,3,audio_only_correct,169159.mp3__2,169159.mp3,"What happens immediately after this event first appears: ""Human footsteps on water in the distance.""?","A. This is the last event, no immediate event after. | B. Constant background rain. | C. Thunder roars. | D. Distant thunder sounds weakly. | E. Distant thunder roars. | F. Thunder roars in the distance.",D,D,F,exact-label,regex-label,D,F. Thunder roars in the distance.,6,True,False
qwen2-audio-7b-instruct__vs__qwen2-audio-7b-instruct-no-audio,3,audio_only_correct,170298.mp3__3,170298.mp3,"What happens immediately after this event first appears: ""A cat meows twice while growling.""?","A. A cat meows shortly. | B. A cat growls twice loudly. | C. A cat growls multiple times. | D. This is the last event, no immediate event after. | E. A cat meows. | F. A cat growls while breathing heavily.",E,E,INVALID,exact-label,invalid,E,"Based on the given event description, the immediate action that occurs after the cat me",6,True,False
qwen2-audio-7b-instruct__vs__qwen2-audio-7b-instruct-no-audio,3,audio_only_correct,104760.mp3__2,104760.mp3,"What happens immediately after this event first appears: ""Heavy-duty internal combustion engine vehicle shifts into gear with a loud muffled thud.""?","A. Air pressure hisses as a mechanical part of a heavy vehicle releases. | B. Repeated heavy metallic clicking. | C. Heavy-duty internal combustion engine idling. | D. This is the last event, no immediate event after. | E. A heavy-duty internal combustion engine powers a large vehicle as it drives away, gradually increasing speed in a controlled manner.",E,E,C,exact-label,regex-label,E,C. Heavy-duty internal combustion engine idles.,5,True,False
qwen2-audio-7b-instruct__vs__qwen2-audio-7b-instruct-no-audio,3,audio_only_correct,121299.mp3__3,121299.mp3,"What happens immediately after this event first appears: ""Wheels spinning.""?","A. Spinning wheels make a loud noise. | B. A horn honks from far away. | C. Traffic noise. | D. This is the last event, no immediate event after. | E. A car passes by.",A,A,C,exact-label,regex-label,A,C. Traffic noise.,5,True,False
qwen2-audio-7b-instruct__vs__qwen2-audio-7b-instruct-no-audio,3,audio_only_correct,133991.mp3__2,133991.mp3,"What happens immediately after this event first appears: ""A sharp crack of thunder.""?","A. Rain falling. | B. Thunder rumbles and grumbles. | C. Thunder. | D. This is the last event, no immediate event after. | E. Soft raindrops falling.",B,B,C,exact-label,regex-label,B,C. Thunder.,5,True,False
qwen2-audio-7b-instruct__vs__qwen2-audio-7b-instruct-no-audio,3,audio_only_correct,141717.mp3__1,141717.mp3,"What happens immediately after this event first appears: ""Guitar chords being played in sequence.""?","A. A guitar string is picked once, and the sound fades away. | B. This is the last event, no immediate event after. | C. Guitar chords being played with some fading in the middle. | D. Guitar chords are played and then fade away. | E. Guitar chords are played repeatedly and then fade away.",E,E,D,exact-label,regex-label,E,D. Guitar chords are played and then fade away.,5,True,False
